{
	"pattrstorage" : 	{
		"name" : "space",
		"slots" : 		{
			"1" : 			{
				"id" : 1,
				"data" : 				{
					"live.dial" : [ 754.978003940211465 ],
					"live.dial[10]" : [ 0.740157523258465 ],
					"live.dial[11]" : [ 1748.03142109067403 ],
					"live.dial[12]" : [ 0.590550886247101 ],
					"live.dial[13]" : [ 0.677164865408356 ],
					"live.dial[18]" : [ 0.0 ],
					"live.dial[19]" : [ 0.0 ],
					"live.dial[1]" : [ -28.803258286600393 ],
					"live.dial[20]" : [ 0.0 ],
					"live.dial[21]" : [ 0.551181106116829 ],
					"live.dial[22]" : [ 0.0 ],
					"live.dial[23]" : [ 0.0 ],
					"live.dial[24]" : [ 0.5 ],
					"live.dial[25]" : [ 0.0 ],
					"live.dial[2]" : [ 0.779527635555567 ],
					"live.dial[3]" : [ 0.692913380194836 ],
					"live.dial[4]" : [ 2267.716650775098515 ],
					"live.dial[5]" : [ 0.291338700243808 ],
					"live.dial[6]" : [ -28.118354985774765 ],
					"live.dial[7]" : [ 49.0 ],
					"live.dial[8]" : [ 42.519685039370152 ],
					"live.dial[9]" : [ 736.530482016661153 ],
					"live.menu" : [ 0.0 ],
					"live.slider" : [ 0.5 ],
					"live.slider[1]" : [ 0.5 ],
					"live.slider[2]" : [ 0.49 ],
					"live.slider[3]" : [ 0.5 ],
					"live.slider[4]" : [ 0.5 ],
					"live.slider[5]" : [ 0.574803149606298 ],
					"osc[10]" : [ 0.0 ],
					"osc[11]" : [ 20.0 ],
					"osc[12]" : [ 0.0 ],
					"osc[13]" : [ 1.0 ],
					"osc[1]" : [ 0.0 ],
					"osc[2]" : [ 66.0 ],
					"osc[3]" : [ 64.0 ],
					"osc[4]" : [ 0.0 ],
					"osc[5]" : [ 4.0 ],
					"osc[6]" : [ 0.0 ],
					"osc[7]" : [ 82.0 ],
					"osc[8]" : [ 0.0 ],
					"osc[9]" : [ 65.0 ]
				}

			}
,
			"2" : 			{
				"id" : 2,
				"data" : 				{
					"live.dial" : [ 1409.44884388841092 ],
					"live.dial[10]" : [ 0.622047287037992 ],
					"live.dial[11]" : [ 2031.495988019807783 ],
					"live.dial[12]" : [ 0.590550886247101 ],
					"live.dial[13]" : [ 0.677164865408356 ],
					"live.dial[18]" : [ 0.0 ],
					"live.dial[19]" : [ 0.0 ],
					"live.dial[1]" : [ -28.803258286600393 ],
					"live.dial[20]" : [ 0.0 ],
					"live.dial[21]" : [ 0.551181106116829 ],
					"live.dial[22]" : [ 0.0 ],
					"live.dial[23]" : [ 0.0 ],
					"live.dial[24]" : [ 0.5 ],
					"live.dial[25]" : [ 0.0 ],
					"live.dial[2]" : [ 0.779527635555567 ],
					"live.dial[3]" : [ 0.692913380194836 ],
					"live.dial[4]" : [ 3118.1103515625 ],
					"live.dial[5]" : [ 0.519685156936721 ],
					"live.dial[6]" : [ -25.473164303896191 ],
					"live.dial[7]" : [ 14.0 ],
					"live.dial[8]" : [ 4.724409448818903 ],
					"live.dial[9]" : [ 2578.740157480315702 ],
					"live.menu" : [ 1.0 ],
					"live.slider" : [ 0.9 ],
					"live.slider[1]" : [ 0.88 ],
					"live.slider[2]" : [ 0.14 ],
					"live.slider[3]" : [ 0.37 ],
					"live.slider[4]" : [ 0.9 ],
					"live.slider[5]" : [ 0.952755905511811 ],
					"osc[10]" : [ 1.0 ],
					"osc[11]" : [ 20.0 ],
					"osc[12]" : [ 0.0 ],
					"osc[13]" : [ 1.0 ],
					"osc[1]" : [ 1.0 ],
					"osc[2]" : [ 63.0 ],
					"osc[3]" : [ 88.0 ],
					"osc[4]" : [ 1.0 ],
					"osc[5]" : [ 4.0 ],
					"osc[6]" : [ 0.0 ],
					"osc[7]" : [ 55.0 ],
					"osc[8]" : [ 1.0 ],
					"osc[9]" : [ 88.0 ]
				}

			}
,
			"3" : 			{
				"id" : 3,
				"data" : 				{
					"live.dial" : [ 754.978003940211465 ],
					"live.dial[10]" : [ 0.740157523258465 ],
					"live.dial[11]" : [ 1748.03142109067403 ],
					"live.dial[12]" : [ 0.503936713018754 ],
					"live.dial[13]" : [ 0.472440455959537 ],
					"live.dial[18]" : [ 0.0 ],
					"live.dial[19]" : [ 0.0 ],
					"live.dial[1]" : [ -28.803258286600393 ],
					"live.dial[20]" : [ 0.0 ],
					"live.dial[21]" : [ 0.551181106116829 ],
					"live.dial[22]" : [ 0.0 ],
					"live.dial[23]" : [ 0.0 ],
					"live.dial[24]" : [ 0.5 ],
					"live.dial[25]" : [ 0.0 ],
					"live.dial[2]" : [ 0.503937084374465 ],
					"live.dial[3]" : [ 0.511811017990112 ],
					"live.dial[4]" : [ 2267.716650775098515 ],
					"live.dial[5]" : [ 0.291338700243808 ],
					"live.dial[6]" : [ -28.118354985774765 ],
					"live.dial[7]" : [ 49.0 ],
					"live.dial[8]" : [ 42.519685039370152 ],
					"live.dial[9]" : [ 736.530482016661153 ],
					"live.menu" : [ 0.0 ],
					"live.slider" : [ 0.5 ],
					"live.slider[1]" : [ 0.5 ],
					"live.slider[2]" : [ 0.49 ],
					"live.slider[3]" : [ 0.5 ],
					"live.slider[4]" : [ 0.5 ],
					"live.slider[5]" : [ 0.574803149606298 ],
					"osc[10]" : [ 0.0 ],
					"osc[11]" : [ 20.0 ],
					"osc[12]" : [ 0.0 ],
					"osc[13]" : [ 1.0 ],
					"osc[1]" : [ 0.0 ],
					"osc[2]" : [ 66.0 ],
					"osc[3]" : [ 64.0 ],
					"osc[4]" : [ 0.0 ],
					"osc[5]" : [ 4.0 ],
					"osc[6]" : [ 0.0 ],
					"osc[7]" : [ 82.0 ],
					"osc[8]" : [ 0.0 ],
					"osc[9]" : [ 65.0 ]
				}

			}
,
			"4" : 			{
				"id" : 4,
				"data" : 				{
					"live.dial" : [ 514.263559048319621 ],
					"live.dial[10]" : [ 0.448818958650424 ],
					"live.dial[11]" : [ 1464.566837821420677 ],
					"live.dial[12]" : [ 0.5118107420253 ],
					"live.dial[13]" : [ 0.763779025847517 ],
					"live.dial[18]" : [ 0.0 ],
					"live.dial[19]" : [ 0.0 ],
					"live.dial[1]" : [ -18.054946498822275 ],
					"live.dial[20]" : [ 0.0 ],
					"live.dial[21]" : [ 0.551181077957153 ],
					"live.dial[22]" : [ 0.0 ],
					"live.dial[23]" : [ 0.0 ],
					"live.dial[24]" : [ 0.5 ],
					"live.dial[25]" : [ 0.0 ],
					"live.dial[2]" : [ 0.606299317727878 ],
					"live.dial[3]" : [ 0.354330676277792 ],
					"live.dial[4]" : [ 1606.299327940454305 ],
					"live.dial[5]" : [ 0.724409558641629 ],
					"live.dial[6]" : [ -22.482480654476866 ],
					"live.dial[7]" : [ 74.0 ],
					"live.dial[8]" : [ 83.464565036803648 ],
					"live.dial[9]" : [ 1137.755732204381275 ],
					"live.menu" : [ 1.0 ],
					"live.slider" : [ 0.01 ],
					"live.slider[1]" : [ 0.2 ],
					"live.slider[2]" : [ 0.11 ],
					"live.slider[3]" : [ 0.92 ],
					"live.slider[4]" : [ 0.3 ],
					"live.slider[5]" : [ 0.7 ],
					"osc[10]" : [ 1.0 ],
					"osc[11]" : [ 22.0 ],
					"osc[12]" : [ 1.0 ],
					"osc[13]" : [ 1.0 ],
					"osc[1]" : [ 1.0 ],
					"osc[2]" : [ 83.0 ],
					"osc[3]" : [ 39.0 ],
					"osc[4]" : [ 1.0 ],
					"osc[5]" : [ 43.0 ],
					"osc[6]" : [ 1.0 ],
					"osc[7]" : [ 35.0 ],
					"osc[8]" : [ 1.0 ],
					"osc[9]" : [ 77.0 ]
				}

			}
,
			"5" : 			{
				"id" : 5,
				"data" : 				{
					"live.dial" : [ 3186.804056103764196 ],
					"live.dial[10]" : [ 0.448818958650424 ],
					"live.dial[11]" : [ 1464.566837821420677 ],
					"live.dial[12]" : [ 0.5118107420253 ],
					"live.dial[13]" : [ 0.763779025847517 ],
					"live.dial[18]" : [ 0.0 ],
					"live.dial[19]" : [ 0.0 ],
					"live.dial[1]" : [ -4.847600550843353 ],
					"live.dial[20]" : [ 0.0 ],
					"live.dial[21]" : [ 0.551181077957153 ],
					"live.dial[22]" : [ 0.0 ],
					"live.dial[23]" : [ 0.0 ],
					"live.dial[24]" : [ 0.5 ],
					"live.dial[25]" : [ 0.0 ],
					"live.dial[2]" : [ 0.606299317727878 ],
					"live.dial[3]" : [ 0.354330676277792 ],
					"live.dial[4]" : [ 1606.299327940454305 ],
					"live.dial[5]" : [ 0.724409558641629 ],
					"live.dial[6]" : [ -7.215553982752745 ],
					"live.dial[7]" : [ 56.0 ],
					"live.dial[8]" : [ 51.181100469874529 ],
					"live.dial[9]" : [ 3031.462133790419557 ],
					"live.menu" : [ 1.0 ],
					"live.slider" : [ 0.81 ],
					"live.slider[1]" : [ 0.92 ],
					"live.slider[2]" : [ 0.29 ],
					"live.slider[3]" : [ 0.38 ],
					"live.slider[4]" : [ 0.01 ],
					"live.slider[5]" : [ 0.21 ],
					"osc[10]" : [ 1.0 ],
					"osc[11]" : [ 79.0 ],
					"osc[12]" : [ 1.0 ],
					"osc[13]" : [ 1.0 ],
					"osc[1]" : [ 1.0 ],
					"osc[2]" : [ 100.0 ],
					"osc[3]" : [ 81.0 ],
					"osc[4]" : [ 1.0 ],
					"osc[5]" : [ 100.0 ],
					"osc[6]" : [ 1.0 ],
					"osc[7]" : [ 77.0 ],
					"osc[8]" : [ 1.0 ],
					"osc[9]" : [ 91.0 ]
				}

			}
,
			"6" : 			{
				"id" : 6,
				"data" : 				{
					"live.dial" : [ 618.120301123241006 ],
					"live.dial[10]" : [ 0.393700830345079 ],
					"live.dial[11]" : [ 2031.495988019807783 ],
					"live.dial[12]" : [ 0.385826476798282 ],
					"live.dial[13]" : [ 0.440944392967412 ],